Origin,colYear,colMonth,prom_arribades
ABE,1988,5,65.0000
ABE,1988,11,20.0000
ABE,1990,1,-2.0000
ABE,1990,12,-3.0000
ABE,1991,7,9.0000
ABE,1992,6,3.0000
ABE,2005,1,-4.0000
ABE,2006,1,38.0000
ABQ,1987,10,0.0000
ABQ,1989,1,0.0000
ABQ,1990,4,0.0000
ABQ,1991,1,17.0000
ABQ,1993,11,4.0000
ABQ,1994,1,1.0000
ABQ,1995,1,2.0000
ABQ,1995,7,0.0000
ABQ,1995,8,10.0000
ABQ,1995,9,0.0000
ABQ,1996,1,0.0000
ABQ,1996,7,-5.0000
ABQ,1997,9,0.0000
ABQ,1997,10,8.0000
ABQ,1997,11,0.0000
ABQ,1997,12,10.0000
ABQ,1998,1,3.5000
ABQ,1998,3,15.0000
ABQ,1998,8,0.0000
ABQ,1999,4,2.0000
ABQ,1999,10,0.0000
ABQ,2002,6,88.0000
ABQ,2002,7,-3.0000
ABQ,2002,8,39.0000
ABQ,2002,9,6.0000
ABQ,2003,2,-4.0000
ABQ,2003,8,0.0000
ABQ,2004,6,12.0000
ABQ,2004,9,0.0000
ABQ,2005,7,15.0000
ABQ,2006,1,0.0000
ABQ,2006,6,24.5000
ABQ,2006,7,-7.0000
ABQ,2007,1,-7.0000
ABY,2006,1,-3.0000
ABY,2006,3,41.0000
AGS,1988,3,0.0000
AGS,1988,12,50.0000
AGS,2003,9,-4.0000
ALB,1988,3,-2.0000
ALB,1992,12,-3.0000
ALB,1993,10,-1.0000
ALB,1994,10,-4.0000
ALB,2003,3,-9.0000
ALB,2004,10,-10.0000
ALB,2007,6,7.0000
ALB,2008,12,21.0000
AMA,1987,11,0.0000
AMA,1988,6,0.0000
AMA,1989,11,0.0000
AMA,2000,3,0.0000
ANC,1988,10,0.0000
ANC,1992,5,0.0000
ANC,1995,10,-2.0000
ANC,1996,11,16.0000
ANC,1999,9,-3.0000
ANC,1999,10,6.0000
ANC,2000,1,0.0000
ANC,2000,7,1.0000
ANC,2000,9,50.0000
ANC,2004,3,5.0000
ANC,2006,5,6.0000
ANC,2007,4,-11.0000
ANC,2007,7,-10.0000
ANC,2008,8,-9.0000
ASE,2008,3,10.0000
ATL,1987,10,18.0000
ATL,1987,11,3.0000
ATL,1988,1,0.0000
ATL,1988,2,0.0000
ATL,1988,3,0.0000
ATL,1988,6,0.0000
ATL,1988,8,0.0000
ATL,1988,9,0.0000
ATL,1988,12,0.0000
ATL,1989,1,0.0000
ATL,1989,2,-2.0000
ATL,1989,7,42.0000
ATL,1989,9,0.0000
ATL,1989,11,0.0000
ATL,1989,12,51.0000
ATL,1990,3,41.0000
ATL,1990,4,0.0000
ATL,1990,6,2.0000
ATL,1990,7,2.0000
ATL,1990,10,1.0000
ATL,1990,11,0.0000
ATL,1990,12,18.0000
ATL,1991,1,14.0000
ATL,1991,2,-2.0000
ATL,1991,4,-1.0000
ATL,1991,5,2.0000
ATL,1991,8,4.0000
ATL,1991,9,1.0000
ATL,1991,10,2.0000
ATL,1992,2,33.0000
ATL,1992,4,-1.0000
ATL,1992,5,2.0000
ATL,1992,7,3.0000
ATL,1992,8,0.0000
ATL,1992,9,0.0000
ATL,1992,11,5.0000
ATL,1992,12,4.0000
ATL,1993,4,3.0000
ATL,1993,6,3.0000
ATL,1993,8,8.5000
ATL,1993,10,-1.0000
ATL,1993,11,1.3333
ATL,1993,12,4.0000
ATL,1994,1,3.0000
ATL,1994,3,32.5000
ATL,1994,6,11.0000
ATL,1994,7,8.0000
ATL,1994,8,0.3333
ATL,1994,9,2.5000
ATL,1994,10,5.0000
ATL,1994,11,1.0000
ATL,1994,12,28.0000
ATL,1995,3,6.5000
ATL,1995,4,0.0000
ATL,1995,5,3.0000
ATL,1995,8,8.0000
ATL,1995,10,28.0000
ATL,1996,1,10.0000
ATL,1996,5,-3.0000
ATL,1996,6,14.6667
ATL,1996,10,3.0000
ATL,1996,11,-1.0000
ATL,1997,1,-2.3333
ATL,1997,2,0.0000
ATL,1997,3,3.3333
ATL,1997,4,7.0000
ATL,1997,5,1.0000
ATL,1997,7,3.5000
ATL,1997,10,-1.0000
ATL,1998,5,-3.0000
ATL,1998,9,0.3333
ATL,1999,1,2.0000
ATL,1999,2,2.0000
ATL,1999,3,0.0000
ATL,1999,5,27.5000
ATL,1999,6,2.5000
ATL,1999,8,12.0000
ATL,1999,9,-3.0000
ATL,1999,12,2.5000
ATL,2000,1,-4.0000
ATL,2000,2,2.0000
ATL,2000,3,40.0000
ATL,2000,4,41.0000
ATL,2000,5,1.0000
ATL,2000,7,-2.0000
ATL,2000,10,6.0000
ATL,2000,11,1.0000
ATL,2001,2,-3.0000
ATL,2001,3,1.0000
ATL,2001,5,0.0000
ATL,2001,6,4.0000
ATL,2001,7,49.0000
ATL,2002,4,25.0000
ATL,2002,5,7.0000
ATL,2002,7,0.0000
ATL,2002,8,-4.0000
ATL,2002,9,1.0000
ATL,2002,10,41.0000
ATL,2002,12,2.3333
ATL,2003,1,2.0000
ATL,2003,2,2.0000
ATL,2003,3,31.0000
ATL,2003,5,5.0000
ATL,2003,6,1.0000
ATL,2003,7,20.0000
ATL,2003,8,0.0000
ATL,2003,10,-2.0000
ATL,2004,1,-3.0000
ATL,2004,2,28.5000
ATL,2004,3,7.0000
ATL,2004,5,20.3333
ATL,2004,6,38.5000
ATL,2004,7,-27.5000
ATL,2004,8,2.0000
ATL,2004,10,45.0000
ATL,2005,2,0.5000
ATL,2005,3,55.0000
ATL,2005,5,1.0000
ATL,2005,6,19.5000
ATL,2005,7,14.0000
ATL,2005,8,66.5000
ATL,2005,9,-1.6667
ATL,2005,10,-1.0000
ATL,2005,11,-4.0000
ATL,2005,12,12.0000
ATL,2006,2,34.0000
ATL,2006,4,9.0000
ATL,2006,5,0.0000
ATL,2006,7,12.6667
ATL,2006,8,8.4000
ATL,2006,9,-4.0000
ATL,2006,10,-6.0000
ATL,2006,11,6.5000
ATL,2006,12,-1.0000
ATL,2007,1,7.5000
ATL,2007,2,0.0000
ATL,2007,3,37.0000
ATL,2007,4,10.0000
ATL,2007,5,5.0000
ATL,2007,6,33.5000
ATL,2007,7,7.0000
ATL,2007,8,96.0000
ATL,2007,9,51.0000
ATL,2007,10,3.5000
ATL,2007,11,0.0000
ATL,2007,12,64.0000
ATL,2008,1,0.0000
ATL,2008,2,-5.3333
ATL,2008,3,14.3333
ATL,2008,4,30.0000
ATL,2008,5,-2.6667
ATL,2008,6,-3.0000
ATL,2008,7,-1.5000
ATL,2008,8,-2.0000
ATL,2008,9,-4.5000
ATL,2008,10,14.0000
ATW,1988,2,0.0000
ATW,2004,5,10.0000
ATW,2008,5,-5.0000
AUS,1990,4,0.0000
AUS,1990,8,-1.0000
AUS,1992,2,0.0000
AUS,1992,12,-1.0000
AUS,1993,1,0.0000
AUS,1993,6,0.0000
AUS,1995,3,35.0000
AUS,1995,7,0.0000
AUS,1997,3,0.0000
AUS,1999,7,8.0000
AUS,1999,9,-1.0000
AUS,2000,8,0.0000
AUS,2002,10,-8.0000
AUS,2003,2,0.0000
AUS,2004,11,0.0000
AUS,2005,10,0.0000
AUS,2006,4,20.0000
AUS,2007,3,-10.0000
AUS,2007,11,-4.0000
AUS,2008,1,-4.0000
AUS,2008,4,-3.5000
AVL,1994,2,-1.0000
AVL,1997,9,-5.0000
AVL,2006,11,-4.0000
AZO,2003,12,-5.0000
BDL,1988,5,-1.0000
BDL,1988,6,3.0000
BDL,1988,11,-1.0000
BDL,1988,12,20.0000
BDL,1993,8,-3.0000
BDL,1994,4,10.0000
BDL,1997,6,-3.0000
BDL,1998,5,0.0000
BDL,1998,10,-3.0000
BDL,1999,2,-2.0000
BDL,2000,5,0.0000
BDL,2000,8,28.0000
BDL,2001,8,-5.0000
BDL,2001,11,-2.0000
BDL,2001,12,26.0000
BDL,2002,11,0.0000
BDL,2003,12,0.0000
BDL,2004,9,0.0000
BDL,2005,11,1.0000
BDL,2006,9,2.0000
BDL,2006,10,-2.0000
BDL,2008,5,-4.0000
BDL,2008,12,0.0000
BET,1999,8,-2.0000
BFL,2007,10,0.0000
BGR,2004,1,60.0000
BHM,1988,1,45.0000
BHM,1988,2,-14.0000
BHM,1993,7,-1.0000
BHM,1994,11,-3.0000
BHM,1995,8,2.0000
BHM,1995,12,30.0000
BHM,1996,10,77.0000
BHM,1997,10,0.0000
BHM,1998,12,11.0000
BHM,1999,1,-2.0000
BHM,1999,7,-1.0000
BHM,1999,11,-5.0000
BHM,2000,1,-4.0000
BHM,2007,3,0.0000
BHM,2008,12,-1.0000
BIL,1988,3,9.0000
BIL,1997,3,0.0000
BIS,1989,1,7.0000
BIS,1992,7,-7.0000
BNA,1988,5,-1.0000
BNA,1989,2,-1.0000
BNA,1989,4,18.0000
BNA,1989,7,0.0000
BNA,1990,1,1.0000
BNA,1990,2,-1.0000
BNA,1991,7,-1.0000
BNA,1993,3,1.0000
BNA,1993,12,-2.0000
BNA,1994,8,-2.0000
BNA,1994,10,0.0000
BNA,1995,3,1.5000
BNA,1995,7,4.0000
BNA,1995,12,0.0000
BNA,1996,12,-5.0000
BNA,1997,6,0.0000
BNA,1997,7,41.0000
BNA,1997,9,-4.0000
BNA,1997,12,-2.0000
BNA,1999,1,35.0000
BNA,1999,6,4.0000
BNA,1999,7,-5.0000
BNA,2000,3,0.0000
BNA,2000,4,0.0000
BNA,2000,7,-4.0000
BNA,2000,8,48.0000
BNA,2000,9,2.0000
BNA,2000,10,113.0000
BNA,2001,9,9.0000
BNA,2003,3,-4.0000
BNA,2003,8,-2.0000
BNA,2004,2,0.0000
BNA,2004,3,0.0000
BNA,2004,5,0.0000
BNA,2004,9,-4.0000
BNA,2004,10,0.0000
BNA,2005,8,29.0000
BNA,2006,5,-3.0000
BNA,2006,8,-1.5000
BNA,2006,10,0.0000
BNA,2007,9,-1.0000
BNA,2008,3,22.0000
BNA,2008,10,135.0000
BNA,2008,12,-1.0000
BOI,1989,4,-1.0000
BOI,1989,5,-2.0000
BOI,1996,5,0.0000
BOI,1997,1,9.0000
BOI,1997,10,0.0000
BOI,2002,12,0.0000
BOI,2003,7,0.0000
BOI,2004,6,14.0000
BOI,2007,10,-2.0000
BOS,1987,10,0.0000
BOS,1987,11,-3.0000
BOS,1988,1,0.0000
BOS,1988,7,0.0000
BOS,1988,9,-1.0000
BOS,1988,12,-1.0000
BOS,1989,4,0.0000
BOS,1989,5,0.0000
BOS,1989,6,4.0000
BOS,1989,12,23.0000
BOS,1990,5,1.0000
BOS,1990,6,0.0000
BOS,1991,2,-1.0000
BOS,1991,4,28.5000
BOS,1991,8,6.0000
BOS,1991,9,0.0000
BOS,1991,12,1.0000
BOS,1992,1,1.0000
BOS,1992,4,43.0000
BOS,1992,5,26.5000
BOS,1993,1,6.0000
BOS,1993,4,25.0000
BOS,1993,8,0.0000
BOS,1993,12,22.0000
BOS,1994,3,11.0000
BOS,1994,4,0.0000
BOS,1994,6,0.0000
BOS,1994,7,0.0000
BOS,1994,9,32.0000
BOS,1994,11,1.0000
BOS,1995,2,0.0000
BOS,1995,3,21.0000
BOS,1995,4,5.0000
BOS,1995,5,0.0000
BOS,1995,10,5.0000
BOS,1995,11,3.5000
BOS,1995,12,0.0000
BOS,1996,2,-0.5000
BOS,1996,3,-2.0000
BOS,1996,12,49.0000
BOS,1997,4,4.5000
BOS,1997,5,0.0000
BOS,1997,6,0.0000
BOS,1998,2,6.0000
BOS,1998,4,12.0000
BOS,1998,5,-6.0000
BOS,1998,6,0.0000
BOS,1998,9,3.0000
BOS,1998,10,3.0000
BOS,1999,1,1.0000
BOS,1999,2,-3.0000
BOS,1999,4,-1.5000
BOS,1999,5,-6.0000
BOS,1999,7,42.0000
BOS,2000,7,32.0000
BOS,2000,10,0.0000
BOS,2001,1,-5.0000
BOS,2001,3,20.0000
BOS,2001,4,-4.0000
BOS,2001,6,26.0000
BOS,2001,7,17.5000
BOS,2001,9,-1.0000
BOS,2002,3,-1.0000
BOS,2002,6,3.5000
BOS,2003,1,0.0000
BOS,2003,11,-1.0000
BOS,2004,2,-5.0000
BOS,2004,11,-4.5000
BOS,2004,12,110.0000
BOS,2005,3,1.0000
BOS,2005,5,4.0000
BOS,2005,6,-6.0000
BOS,2005,7,-5.0000
BOS,2005,9,-5.0000
BOS,2005,12,-2.0000
BOS,2006,1,-3.0000
BOS,2006,5,56.0000
BOS,2006,6,-3.0000
BOS,2006,7,-2.0000
BOS,2006,12,139.0000
BOS,2007,3,27.0000
BOS,2007,10,-4.5000
BOS,2007,11,-3.0000
BOS,2007,12,-3.0000
BOS,2008,7,-3.0000
BOS,2008,8,23.0000
BOS,2008,10,0.0000
BOS,2008,11,-6.0000
BOS,2008,12,-1.0000
BTR,1988,7,0.0000
BTR,1990,2,5.0000
BTR,1991,5,-3.0000
BTR,1995,1,-1.0000
BTR,1995,12,-1.0000
BTR,2005,10,-5.0000
BTV,1987,10,-3.0000
BTV,1988,3,-8.0000
BTV,1996,10,-1.0000
BTV,1996,11,0.0000
BTV,1998,8,-5.0000
BTV,2003,9,-6.0000
BTV,2006,3,-7.0000
BTV,2007,5,-9.0000
BTV,2008,3,3.0000
BUF,1988,9,1.0000
BUF,1989,9,-2.0000
BUF,1990,11,0.0000
BUF,1990,12,-2.0000
BUF,1991,7,-2.0000
BUF,1991,10,-3.0000
BUF,1992,7,-1.0000
BUF,1993,5,0.0000
BUF,1997,8,-3.0000
BUF,1997,12,0.0000
BUF,1998,4,-2.0000
BUF,1998,11,2.0000
BUF,2000,8,6.0000
BUF,2003,11,-11.0000
BUF,2003,12,-3.0000
BUF,2005,5,-2.0000
BUF,2005,7,19.0000
BUF,2006,11,113.0000
BUF,2007,1,-4.0000
BUF,2007,4,-5.0000
BUF,2008,9,-1.0000
BUR,1987,12,0.0000
BUR,1988,8,10.0000
BUR,1988,10,25.0000
BUR,1989,2,0.0000
BUR,1990,1,0.0000
BUR,1990,7,0.0000
BUR,1991,6,-1.0000
BUR,1991,9,0.0000
BUR,1992,4,0.0000
BUR,1994,5,15.0000
BUR,1994,6,-2.0000
BUR,1994,12,0.0000
BUR,1995,7,0.0000
BUR,1999,6,0.0000
BUR,2000,6,0.0000
BUR,2003,12,35.0000
BUR,2004,6,37.0000
BUR,2005,7,28.5000
BUR,2006,1,0.0000
BUR,2006,7,-2.0000
BUR,2007,6,2.0000
BUR,2007,11,-1.0000
BUR,2008,1,0.0000
BUR,2008,6,6.0000
BUR,2008,11,-2.0000
BUR,2008,12,1.0000
BWI,1987,11,-2.0000
BWI,1988,1,16.0000
BWI,1988,3,18.0000
BWI,1988,9,-1.0000
BWI,1988,12,132.0000
BWI,1989,1,4.0000
BWI,1989,10,4.0000
BWI,1989,11,-3.0000
BWI,1989,12,2.0000
BWI,1990,2,0.0000
BWI,1990,5,0.0000
BWI,1990,12,0.0000
BWI,1991,3,-3.0000
BWI,1992,2,4.0000
BWI,1993,4,0.0000
BWI,1993,6,102.0000
BWI,1993,9,5.0000
BWI,1993,11,-1.0000
BWI,1994,5,-2.0000
BWI,1994,11,14.0000
BWI,1995,1,0.0000
BWI,1995,2,-2.0000
BWI,1995,6,26.0000
BWI,1995,11,0.0000
BWI,1996,5,20.0000
BWI,1997,2,4.0000
BWI,1998,2,16.0000
BWI,1998,9,11.0000
BWI,1998,12,245.0000
BWI,1999,1,0.0000
BWI,1999,8,4.0000
BWI,1999,10,22.0000
BWI,2000,1,3.0000
BWI,2000,4,0.0000
BWI,2000,6,16.0000
BWI,2000,8,0.0000
BWI,2000,11,-5.0000
BWI,2001,8,12.0000
BWI,2001,9,-7.0000
BWI,2002,4,10.0000
BWI,2002,7,0.0000
BWI,2002,8,-2.0000
BWI,2002,11,3.0000
BWI,2003,1,-1.0000
BWI,2004,1,0.0000
BWI,2004,2,-6.0000
BWI,2004,6,70.0000
BWI,2004,10,0.0000
BWI,2005,4,5.0000
BWI,2005,5,0.0000
BWI,2005,6,4.0000
BWI,2005,8,-3.0000
BWI,2005,12,0.0000
BWI,2006,7,-6.0000
BWI,2006,8,2.0000
BWI,2006,10,-5.0000
BWI,2006,12,-5.0000
BWI,2007,1,30.0000
BWI,2007,9,-2.0000
BWI,2008,2,1.0000
BWI,2008,3,-3.0000
BWI,2008,5,3.0000
BWI,2008,7,34.0000
BWI,2008,9,2.0000
BWI,2008,10,51.0000
BZN,1992,4,-3.0000
BZN,1994,8,0.0000
CAE,1988,10,0.0000
CAE,1989,2,39.0000
CAE,1990,2,0.0000
CAE,1998,10,2.0000
CAE,1999,2,2.0000
CAE,2001,1,0.0000
CAE,2005,3,21.0000
CAE,2008,2,118.0000
CHA,1992,6,12.0000
CHA,2006,5,0.0000
CHO,1987,10,-1.0000
CHO,2006,1,0.0000
CHS,1989,9,19.0000
CHS,1996,8,85.0000
CHS,2007,4,-5.0000
CHS,2008,5,0.0000
CHS,2008,9,-5.0000
CID,1989,11,0.0000
CID,1991,9,0.0000
CID,2000,8,10.0000
CID,2007,2,33.0000
CID,2007,7,-4.0000
CLE,1988,9,0.0000
CLE,1989,5,14.0000
CLE,1989,7,1.0000
CLE,1989,8,-5.0000
CLE,1990,1,17.0000
CLE,1990,3,-0.5000
CLE,1990,4,0.0000
CLE,1990,8,3.0000
CLE,1990,12,12.0000
CLE,1991,4,0.0000
CLE,1991,6,-1.5000
CLE,1992,9,0.0000
CLE,1993,8,0.0000
CLE,1994,8,0.0000
CLE,1995,5,13.6667
CLE,1995,10,-2.0000
CLE,1995,12,18.0000
CLE,1996,2,0.0000
CLE,1996,4,-4.0000
CLE,1997,1,0.0000
CLE,1997,2,-4.0000
CLE,1997,3,-1.0000
CLE,1997,4,0.0000
CLE,1997,8,61.0000
CLE,1997,9,-2.0000
CLE,1998,2,-5.0000
CLE,1998,3,-1.0000
CLE,1998,11,139.0000
CLE,1999,1,-7.0000
CLE,1999,9,-2.0000
CLE,2000,4,-5.0000
CLE,2000,6,-3.0000
CLE,2000,10,13.5000
CLE,2002,4,-3.0000
CLE,2002,5,-4.0000
CLE,2002,8,-3.0000
CLE,2003,4,2.0000
CLE,2003,5,-5.0000
CLE,2003,8,-2.0000
CLE,2003,12,10.0000
CLE,2004,1,-4.0000
CLE,2004,7,-1.0000
CLE,2004,8,-4.0000
CLE,2004,9,-4.0000
CLE,2005,3,20.0000
CLE,2006,1,-8.0000
CLE,2006,7,-7.0000
CLE,2006,8,17.0000
CLE,2007,1,-7.0000
CLE,2007,4,53.0000
CLE,2007,9,-3.0000
CLE,2008,4,-1.0000
CLE,2008,6,-2.0000
CLL,2006,1,-5.0000
CLT,1987,11,16.0000
CLT,1988,1,0.0000
CLT,1988,3,-2.0000
CLT,1988,4,2.0000
CLT,1988,5,6.0000
CLT,1988,6,22.0000
CLT,1988,7,0.0000
CLT,1988,8,1.0000
CLT,1989,1,8.0000
CLT,1989,3,0.0000
CLT,1989,4,-2.0000
CLT,1990,2,28.0000
CLT,1990,6,10.0000
CLT,1990,7,0.0000
CLT,1990,8,0.0000
CLT,1990,11,1.0000
CLT,1991,5,2.0000
CLT,1991,8,28.0000
CLT,1991,9,5.0000
CLT,1991,11,-1.0000
CLT,1991,12,13.0000
CLT,1992,3,4.0000
CLT,1992,4,1.0000
CLT,1992,5,-2.0000
CLT,1992,7,4.0000
CLT,1992,9,7.0000
CLT,1992,10,0.0000
CLT,1992,11,4.0000
CLT,1993,1,5.0000
CLT,1993,2,18.0000
CLT,1993,3,32.0000
CLT,1993,6,25.0000
CLT,1993,8,15.0000
CLT,1993,9,24.0000
CLT,1993,10,57.0000
CLT,1993,11,12.0000
CLT,1994,6,10.0000
CLT,1994,7,58.0000
CLT,1994,10,19.0000
CLT,1995,4,-1.5000
CLT,1995,10,15.5000
CLT,1995,11,4.0000
CLT,1995,12,17.0000
CLT,1996,3,21.0000
CLT,1996,4,5.0000
CLT,1996,5,48.0000
CLT,1996,7,13.0000
CLT,1997,9,-0.5000
CLT,1997,10,6.0000
CLT,1998,1,40.0000
CLT,1998,3,-1.0000
CLT,1998,5,4.0000
CLT,1998,12,15.0000
CLT,1999,7,60.0000
CLT,2000,6,-1.0000
CLT,2000,12,-3.0000
CLT,2001,6,187.0000
CLT,2002,3,32.0000
CLT,2002,10,-6.0000
CLT,2002,12,18.0000
CLT,2003,1,0.0000
CLT,2003,4,-3.0000
CLT,2003,5,15.0000
CLT,2003,6,3.0000
CLT,2003,10,-6.0000
CLT,2004,1,0.0000
CLT,2004,3,-1.0000
CLT,2004,4,-7.0000
CLT,2004,5,-1.0000
CLT,2004,6,-3.0000
CLT,2004,7,18.0000
CLT,2004,9,-1.5000
CLT,2004,11,0.0000
CLT,2005,2,-7.0000
CLT,2005,4,4.0000
CLT,2005,12,-3.0000
CLT,2006,3,-8.0000
CLT,2006,4,2.0000
CLT,2006,12,0.0000
CLT,2007,2,0.5000
CLT,2007,5,29.5000
CLT,2007,6,-3.0000
CLT,2008,3,10.0000
CLT,2008,6,95.0000
CLT,2008,10,1.0000
CLT,2008,12,-7.0000
CMH,1988,1,-2.0000
CMH,1988,11,-1.0000
CMH,1991,7,4.0000
CMH,1992,3,1.0000
CMH,1992,9,-3.0000
CMH,1993,1,-1.0000
CMH,1993,6,0.0000
CMH,1993,12,14.5000
CMH,1994,3,-3.0000
CMH,1994,8,115.0000
CMH,1995,1,0.0000
CMH,1997,3,-2.0000
CMH,1997,12,0.0000
CMH,1998,5,19.0000
CMH,2001,10,-10.0000
CMH,2002,3,52.0000
CMH,2003,1,9.0000
CMH,2003,3,0.0000
CMH,2004,1,-8.0000
CMH,2004,3,132.0000
CMH,2004,5,39.0000
CMH,2004,12,-1.5000
CMH,2006,12,-5.0000
CMH,2008,2,-3.0000
CMH,2008,4,9.0000
CMH,2008,7,10.0000
CMI,1992,4,5.0000
CMI,2006,2,-8.0000
COS,1988,11,-1.0000
COS,1989,6,85.0000
COS,1990,5,-2.0000
COS,1991,7,-1.0000
COS,1992,11,-3.0000
COS,1995,4,1.0000
COS,1996,9,56.0000
COS,1998,3,-2.0000
COS,1999,7,124.0000
COS,2006,9,-7.0000
COS,2008,2,-6.0000
COS,2008,3,-2.0000
CRP,1990,9,-1.0000
CRP,1992,1,5.0000
CRP,2002,11,-4.0000
CRP,2003,10,-10.0000
CRP,2005,9,0.0000
CRP,2005,12,-4.0000
CRW,1989,8,5.0000
CRW,1990,2,-1.0000
CRW,1995,11,1.0000
CRW,2006,12,66.0000
CSG,2005,4,0.0000
CVG,1987,10,0.0000
CVG,1988,1,0.0000
CVG,1988,10,-1.0000
CVG,1989,5,0.0000
CVG,1989,9,0.0000
CVG,1990,12,27.0000
CVG,1992,3,6.0000
CVG,1992,6,10.0000
CVG,1992,7,0.0000
CVG,1992,9,3.0000
CVG,1992,10,2.0000
CVG,1993,8,0.0000
CVG,1993,9,-1.0000
CVG,1993,12,0.0000
CVG,1994,4,19.0000
CVG,1995,5,0.0000
CVG,1995,6,24.0000
CVG,1996,7,150.0000
CVG,1996,9,0.0000
CVG,1996,10,7.0000
CVG,1996,11,0.0000
CVG,1996,12,10.0000
CVG,1997,2,0.0000
CVG,1997,11,-2.0000
CVG,1997,12,0.0000
CVG,1998,4,-3.0000
CVG,1998,7,-4.0000
CVG,1999,3,-2.5000
CVG,1999,6,-9.0000
CVG,1999,10,67.0000
CVG,1999,12,2.0000
CVG,2000,2,4.0000
CVG,2000,4,15.0000
CVG,2000,5,-6.0000
CVG,2000,8,2.0000
CVG,2000,11,2.0000
CVG,2001,1,-2.0000
CVG,2001,11,-3.0000
CVG,2001,12,-4.0000
CVG,2002,3,5.0000
CVG,2002,8,-1.0000
CVG,2002,12,-2.0000
CVG,2003,5,0.0000
CVG,2003,8,-16.0000
CVG,2004,2,72.0000
CVG,2004,3,-1.0000
CVG,2004,4,-1.0000
CVG,2004,6,6.0000
CVG,2004,7,0.0000
CVG,2004,8,3.0000
CVG,2004,9,3.0000
CVG,2004,10,10.0000
CVG,2004,12,1.0000
CVG,2005,1,0.5000
CVG,2005,2,-2.5000
CVG,2005,4,-1.0000
CVG,2005,5,0.0000
CVG,2005,6,0.0000
CVG,2005,7,5.0000
CVG,2005,8,-2.0000
CVG,2006,5,-10.0000
CVG,2006,6,10.0000
CVG,2006,10,13.0000
CVG,2006,11,5.0000
CVG,2007,2,82.0000
CVG,2007,5,-2.0000
CVG,2007,7,25.0000
CVG,2007,10,-9.0000
CVG,2007,12,6.0000
CVG,2008,2,-5.0000
CVG,2008,6,0.0000
CVG,2008,7,-7.0000
CVG,2008,8,-7.0000
DAB,2005,9,20.0000
DAL,1988,2,3.0000
DAL,1988,6,7.0000
DAL,1988,8,23.0000
DAL,1989,3,0.0000
DAL,1989,6,6.0000
DAL,1989,9,10.0000
DAL,1990,3,0.0000
DAL,1990,8,0.0000
DAL,1990,9,11.0000
DAL,1991,2,0.0000
DAL,1991,3,0.0000
DAL,1991,4,0.0000
DAL,1991,7,7.0000
DAL,1992,3,16.0000
DAL,1992,11,0.0000
DAL,1994,2,0.0000
DAL,1994,7,15.0000
DAL,1995,1,5.0000
DAL,1995,5,35.0000
DAL,1995,6,7.0000
DAL,1995,9,0.0000
DAL,1997,5,0.0000
DAL,1997,12,0.0000
DAL,1998,5,0.0000
DAL,1998,10,13.0000
DAL,1998,12,0.0000
DAL,1999,5,0.0000
DAL,1999,8,23.0000
DAL,1999,12,0.0000
DAL,2000,4,14.0000
DAL,2002,9,0.0000
DAL,2003,5,42.0000
DAL,2003,10,0.0000
DAL,2003,11,0.0000
DAL,2004,4,11.0000
DAL,2004,7,0.0000
DAL,2004,9,10.0000
DAL,2006,6,36.0000
DAL,2006,9,-2.0000
DAL,2008,5,54.0000
DAL,2008,9,1.0000
DAY,1988,1,276.0000
DAY,1988,2,10.0000
DAY,1988,8,0.0000
DAY,1988,10,16.0000
DAY,1990,3,2.0000
DAY,1990,4,-1.0000
DAY,1990,9,8.0000
DAY,1991,4,-1.0000
DAY,1994,8,10.0000
DAY,2003,9,-5.0000
DCA,1987,10,17.0000
DCA,1988,3,2.0000
DCA,1988,4,0.0000
DCA,1988,7,0.0000
DCA,1989,1,4.0000
DCA,1989,3,-1.0000
DCA,1989,10,7.0000
DCA,1989,12,0.0000
DCA,1990,1,-1.0000
DCA,1990,7,1.0000
DCA,1991,3,6.5000
DCA,1991,4,-3.0000
DCA,1991,7,6.0000
DCA,1991,9,11.0000
DCA,1991,11,0.0000
DCA,1991,12,0.0000
DCA,1992,2,-2.0000
DCA,1992,7,-2.0000
DCA,1992,8,8.0000
DCA,1993,2,7.0000
DCA,1993,3,0.0000
DCA,1994,2,-3.0000
DCA,1994,4,-2.0000
DCA,1994,9,0.0000
DCA,1994,12,-2.0000
DCA,1995,6,2.0000
DCA,1995,8,5.0000
DCA,1995,9,1.0000
DCA,1995,10,16.0000
DCA,1996,1,0.0000
DCA,1996,2,0.0000
DCA,1996,3,-2.0000
DCA,1996,4,-2.0000
DCA,1996,10,23.0000
DCA,1998,1,1.0000
DCA,1998,4,0.0000
DCA,1998,7,-4.0000
DCA,1998,8,-8.0000
DCA,1999,10,0.0000
DCA,2000,7,57.0000
DCA,2000,10,1.0000
DCA,2002,4,-3.0000
DCA,2002,12,-4.0000
DCA,2003,7,-2.5000
DCA,2003,12,11.0000
DCA,2004,5,-3.0000
DCA,2004,11,-4.0000
DCA,2005,3,-2.0000
DCA,2005,6,-10.0000
DCA,2006,4,-9.0000
DCA,2007,5,-5.0000
DCA,2007,8,0.0000
DCA,2007,10,-3.0000
DCA,2007,11,-7.6667
DCA,2008,1,-9.0000
DCA,2008,6,90.0000
DCA,2008,8,-4.0000
DCA,2008,9,15.5000
DEN,1987,10,0.0000
DEN,1987,11,0.0000
DEN,1987,12,2.0000
DEN,1988,6,10.0000
DEN,1988,7,0.0000
DEN,1989,2,8.0000
DEN,1989,4,2.0000
DEN,1989,5,0.0000
DEN,1989,9,-0.5000
DEN,1990,1,-2.0000
DEN,1990,3,30.0000
DEN,1990,10,-2.0000
DEN,1991,2,-1.0000
DEN,1991,3,102.0000
DEN,1991,12,0.3333
DEN,1992,4,0.0000
DEN,1992,7,12.0000
DEN,1992,8,86.0000
DEN,1992,9,-2.0000
DEN,1992,10,-0.5000
DEN,1992,12,3.0000
DEN,1993,3,-1.0000
DEN,1993,5,0.0000
DEN,1993,6,4.0000
DEN,1993,7,1.0000
DEN,1993,11,4.5000
DEN,1994,3,1.0000
DEN,1994,4,4.0000
DEN,1994,5,8.0000
DEN,1994,7,4.0000
